{
    "MAE": 2167.526259278181,
    "MSE": 7562922.867080039,
    "RSME": 2750.0768838488934,
    "r2": 0.9886614111408646
}